"27.01.2018 10:35","Вася Пупкин",pupkin@example.com,"Привет. Я Вася Пупкин."
"27.01.2018 12:08","Вася Пупкин",pupkin@example.com,"Привет. Я Вася Пупкин."
"27.01.2018 13:05","Вася Пупкин",pupkin@example.com,"Привет. Я Вася Пупкин."
"27.01.2018 13:10","Вася Пупкин",pupkin@example.com,"Привет. Я Вася Пупкин."
"27.01.2018 13:10","Вася Пупкин",pupkin@example.com,"Привет. Я Вася Пупкин."
"27.01.2018 13:16","Вася Пупкин",pupkin@example.com,"Привет. Я Вася Пупкин."
"27.01.2018 13:17","Вася Пупкин",pupkin@example.com,"Привет. Я Вася Пупкин."
"27.01.2018 13:19","Вася Пупкин",pupkin@example.com,"Привет. Я Вася Пупкин."
"27.01.2018 13:24","Вася Пупкин",pupkin@example.com,"Привет. Я Вася Пупкин."
"27.01.2018 13:24","Вася Пупкин",pupkin@example.com,"Привет. Я Вася Пупкин."
"27.01.2018 13:25","Вася Пупкин",pupkin@example.com,"Привет. Я Вася Пупкин."
"27.01.2018 13:25","Вася Пупкин",pupkin@example.com,"Привет. Я Вася Пупкин."
"27.01.2018 13:25","Вася Пупкин",pupkin@example.com,"Привет. Я Вася Пупкин."
"27.01.2018 13:38","Вася Пупкин",pupkin@example.com,"Привет. Я Вася Пупкин."
"27.01.2018 13:47","Вася Пупкин",pupkin@example.com,"Привет. Я Вася Пупкин."
"27.01.2018 13:51","Вася Пупкин",pupkin@example.com,"Привет. Я Вася Пупкин."
"27.01.2018 13:51","Вася Пупкин",pupkin@example.com,"Привет. Я Вася Пупкин."
"27.01.2018 13:52","Вася Пупкин",pupkin@example.com,"Привет. Я Вася Пупкин."
"27.01.2018 13:52","Вася Пупкин",pupkin@example.com,"Привет. Я Вася Пупкин."
"27.01.2018 13:53","Вася Пупкин",pupkin@example.com,"Привет. Я Вася Пупкин."
